format,rooms,cpuLogicalCores,syncHz,cpuUsageLimit,playersPerRoom,serial_avgCostPerSyncMs,parallel_avgCostPerSyncMs,maxRoomsSerial,maxRoomsParallel,maxPlayersSerial,maxPlayersParallel
JSON Object,10,12,10.0,0.7,5,0.33852074649999997,0.0776019,2481.3841062470897,10824.477235737784,12406.920531235448,54122.38617868892
JSON Object,30,12,10.0,0.7,5,0.3482676123333333,0.07014076283333333,2411.9383205694726,11975.917655700243,12059.691602847362,59879.588278501215
JSON Object,50,12,10.0,0.7,5,0.38335671769999996,0.0800704957,2191.170680507942,10490.755585518375,10955.85340253971,52453.77792759187
Opcode MsgPack (PathHash),10,12,10.0,0.7,5,0.297735945,0.104730473,2821.291866522868,8020.588238916862,14106.45933261434,40102.94119458431
Opcode MsgPack (PathHash),30,12,10.0,0.7,5,0.31987477033333334,0.06318012066666666,2626.0276767831906,13295.32123611751,13130.138383915953,66476.60618058755
Opcode MsgPack (PathHash),50,12,10.0,0.7,5,0.34040435459999996,0.064569315,2467.653508683993,13009.275381038191,12338.267543419966,65046.376905190955
